﻿[
  {
    "CityName": "London"
  },
  {
    "CityName": "Manchester"
  },
  {
    "CityName": "Huddersfield"
  },
  {
    "CityName": "Liverpool"
  },
  {
    "CityName": "Sheffield"
  },
  {
    "CityName": "Leicester"
  },
  {
    "CityName": "Exeter"
  },
  {
    "CityName": "Cardiff"
  },
  {
    "CityName": "Cheltenham"
  },
  {
    "CityName": "Reading"
  },
  {
    "CityName": "Glasgow"
  },
  {
    "CityName": "Aberdeen"
  },
  {
    "CityName": "Edinburgh"
  },
  {
    "CityName": "Swansea"
  },
  {
    "CityName": "Southampton"
  },
  {
    "CityName": "Norwich"
  },
  {
    "CityName": "Bath"
  },
  {
    "CityName": "Leeds"
  }

]